{
  "results": [
    {
      "command": "http-health-GET",
      "mean": 0.008718262500000002,
      "stddev": 0.0005115409713953157,
      "median": 0.0088787627,
      "user": 0.0028963,
      "system": 0.003127419999999999,
      "min": 0.0076717837,
      "max": 0.009645449700000001,
      "times": [
        0.009286907700000001,
        0.0090882827,
        0.009187116700000001,
        0.009645449700000001,
        0.0090216997,
        0.008404741700000001,
        0.0088967837,
        0.0079276167,
        0.008905991700000001,
        0.0078209917,
        0.0076717837,
        0.0083746167,
        0.0089712417,
        0.008467283700000001,
        0.0091192827,
        0.0088607417,
        0.0086123667,
        0.0083345337,
        0.0088143257,
        0.0089534917
      ],
      "memory_usage_byte": [
        5177344,
        5177344,
        5177344,
        5177344,
        5177344,
        5177344,
        5177344,
        5177344,
        5177344,
        5177344,
        5177344,
        5177344,
        5177344,
        5177344,
        5177344,
        5177344,
        5177344,
        5177344,
        5177344,
        5177344
      ],
      "exit_codes": [
        0,
        0,
        0,
        0,
        0,
        0,
        0,
        0,
        0,
        0,
        0,
        0,
        0,
        0,
        0,
        0,
        0,
        0,
        0,
        0
      ]
    },
    {
      "command": "http-ping-GET",
      "mean": 0.008744287600000001,
      "stddev": 0.0007133182527060194,
      "median": 0.008689804200000002,
      "user": 0.0028561499999999996,
      "system": 0.0030866200000000004,
      "min": 0.007719075700000001,
      "max": 0.010333866700000001,
      "times": [
        0.0086394087,
        0.008840449700000001,
        0.009308033700000001,
        0.0093442417,
        0.0079695747,
        0.009096741700000001,
        0.008740199700000001,
        0.008441491700000001,
        0.0084066997,
        0.0082414077,
        0.007719075700000001,
        0.0092513257,
        0.0078259917,
        0.0081129917,
        0.010206533700000001,
        0.010333866700000001,
        0.0080207837,
        0.0088579507,
        0.008632949700000002,
        0.0088960337
      ],
      "memory_usage_byte": [
        5177344,
        5177344,
        5177344,
        5177344,
        5177344,
        5177344,
        5177344,
        5177344,
        5177344,
        5177344,
        5177344,
        5177344,
        5177344,
        5177344,
        5177344,
        5177344,
        5177344,
        5193728,
        5193728,
        5193728
      ],
      "exit_codes": [
        0,
        0,
        0,
        0,
        0,
        0,
        0,
        0,
        0,
        0,
        0,
        0,
        0,
        0,
        0,
        0,
        0,
        0,
        0,
        0
      ]
    }
  ]
}
