{
  "results": [
    {
      "command": "tdd-guard",
      "mean": 0.06367093535999999,
      "stddev": 0.0015335784055623635,
      "median": 0.06356630826000001,
      "user": 0.08104289,
      "system": 0.023374279999999997,
      "min": 0.06152266276,
      "max": 0.06688024576,
      "times": [
        0.06586216276, 0.06253324576, 0.06384632876, 0.06554095376,
        0.06230453676, 0.06152266276, 0.06292124576000001, 0.06358749576,
        0.06688024576, 0.06428407976, 0.061934828760000005, 0.06383632976,
        0.06549899576, 0.06256107976, 0.06289237076, 0.06539649576,
        0.06354512076, 0.06187124576, 0.06444112076, 0.06215816176
      ],
      "memory_usage_byte": [
        81723392, 81723392, 81723392, 81920000, 81920000, 81920000, 81920000,
        81920000, 81985536, 81985536, 82018304, 82214912, 82214912, 82214912,
        82214912, 82214912, 82214912, 82214912, 82214912, 82214912
      ],
      "exit_codes": [0, 0, 0, 0, 0, 0, 0, 0, 0, 0, 0, 0, 0, 0, 0, 0, 0, 0, 0, 0]
    },
    {
      "command": "pre-edit-guide",
      "mean": 0.07063423946,
      "stddev": 0.0018883802155009405,
      "median": 0.07008814126,
      "user": 0.08724469,
      "system": 0.023342579999999998,
      "min": 0.06828666276,
      "max": 0.07472474576,
      "times": [
        0.06828666276, 0.07009753676, 0.06867562076, 0.07053949576,
        0.07175341276, 0.06907357976, 0.06856245376, 0.07472474576,
        0.06996482876, 0.07112520376, 0.06962903776, 0.07069166176,
        0.07364720376, 0.06909370476, 0.07007874576, 0.07357878676,
        0.07319999576, 0.07128382876, 0.07001141276, 0.06866687076
      ],
      "memory_usage_byte": [
        86802432, 86802432, 86802432, 86802432, 86802432, 86802432, 86802432,
        87146496, 87146496, 87146496, 87146496, 87146496, 87146496, 87146496,
        87146496, 87146496, 87146496, 87146496, 88276992, 88276992
      ],
      "exit_codes": [0, 0, 0, 0, 0, 0, 0, 0, 0, 0, 0, 0, 0, 0, 0, 0, 0, 0, 0, 0]
    },
    {
      "command": "file-checker",
      "mean": 0.060911993809999995,
      "stddev": 0.0016228329957716254,
      "median": 0.06076343326,
      "user": 0.08058314,
      "system": 0.02225108,
      "min": 0.05828895476,
      "max": 0.06558682876000001,
      "times": [
        0.06043703676000001, 0.060666204759999995, 0.06126791176, 0.06030612076,
        0.061532162759999995, 0.060860661760000004, 0.060038829759999995,
        0.059604954759999995, 0.06558682876000001, 0.05966424576, 0.06098474576,
        0.061235870760000005, 0.06064153776, 0.06242932876, 0.06203303776000001,
        0.05980812076, 0.061042204759999996, 0.05828895476, 0.06326470476,
        0.05854641276
      ],
      "memory_usage_byte": [
        88276992, 88276992, 88276992, 88276992, 88276992, 88276992, 88276992,
        88276992, 88276992, 88276992, 88276992, 88276992, 88276992, 88276992,
        88276992, 88276992, 88276992, 88276992, 88276992, 88276992
      ],
      "exit_codes": [0, 0, 0, 0, 0, 0, 0, 0, 0, 0, 0, 0, 0, 0, 0, 0, 0, 0, 0, 0]
    },
    {
      "command": "tool-redirect",
      "mean": 0.059504381309999986,
      "stddev": 0.0017240995046963984,
      "median": 0.05929091226,
      "user": 0.07867119,
      "system": 0.021486429999999997,
      "min": 0.05656141176,
      "max": 0.06312882876,
      "times": [
        0.05992857976, 0.05921816276, 0.059363661760000005, 0.06082766176,
        0.05668995476, 0.060066328759999996, 0.05656141176, 0.05778545476,
        0.06236666276, 0.05792574576, 0.058859704760000006, 0.05918203776,
        0.05851682976, 0.05965153776, 0.05996391276, 0.06312882876,
        0.05904153776, 0.06158295476, 0.06120020376, 0.058226453760000005
      ],
      "memory_usage_byte": [
        88276992, 88276992, 88276992, 88276992, 88276992, 88276992, 88276992,
        88276992, 88276992, 88276992, 88276992, 88276992, 88276992, 88276992,
        88276992, 88276992, 88276992, 88276992, 88276992, 88276992
      ],
      "exit_codes": [0, 0, 0, 0, 0, 0, 0, 0, 0, 0, 0, 0, 0, 0, 0, 0, 0, 0, 0, 0]
    }
  ]
}
